SerialNo,Sex,Age,StateOfOrigin,TotalScore,Dept
1,1,18,16,276,1
2,1,24,1,270,1
3,1,21,4,256,1
4,1,24,9,255,1
5,2,23,22,254,1
6,2,17,3,254,1
7,2,21,23,252,1
8,1,18,12,250,1
9,1,26,14,248,1
10,2,23,7,248,1
11,1,20,22,248,1
12,2,17,22,247,1
13,2,20,10,247,1
14,2,21,14,246,1
15,2,20,4,246,1
16,2,21,16,245,1
17,2,17,22,244,1
18,1,17,11,243,1
19,2,22,7,240,1
20,2,20,22,240,1
21,1,19,10,237,1
22,1,17,22,237,1
23,2,19,14,236,1
24,1,29,13,236,1
25,1,23,22,236,1
26,2,16,29,235,1
27,1,28,12,234,1
28,2,18,14,234,1
29,1,19,30,233,1
30,2,20,7,233,1
31,2,19,1,233,1
32,1,18,23,233,1
33,1,21,16,232,1
34,2,24,9,232,1
35,2,19,22,232,1
36,2,20,12,232,1
37,2,16,4,231,1
38,1,17,7,231,1
39,2,19,29,230,1
40,2,16,9,228,1
41,1,28,28,228,1
42,2,17,18,228,1
43,2,26,1,228,1
44,2,23,22,228,1
45,1,19,14,227,1
46,1,21,22,227,1
47,1,19,7,226,1
48,1,20,30,225,1
49,2,16,13,225,1
50,1,31,27,224,1
51,2,18,16,224,1
52,1,25,9,223,1
53,2,23,10,222,1
54,2,21,3,222,1
55,1,21,37,221,1
56,1,28,25,220,1
57,2,19,23,220,1
58,1,18,32,220,1
59,2,24,2,217,1
60,1,19,31,216,1
61,2,19,20,216,1
62,2,17,37,216,1
63,2,17,11,216,1
64,1,28,25,216,1
65,2,18,31,215,1
66,1,18,26,215,1
67,1,20,24,215,1
68,1,19,18,213,1
69,1,21,19,213,1
70,1,23,36,213,1
71,2,18,26,212,1
72,1,27,23,211,1
73,1,19,8,209,1
74,1,21,11,208,1
75,1,21,34,208,1
76,2,18,5,208,1
77,1,21,33,206,1
78,2,20,22,262,27
79,1,20,22,261,27
80,1,19,12,257,27
81,1,22,22,252,27
82,2,17,29,244,27
83,1,17,4,240,27
84,1,20,4,238,27
85,1,34,22,236,27
86,2,17,4,235,27
87,1,26,30,228,27
88,1,17,22,227,27
89,2,21,14,226,27
90,1,23,12,225,27
91,1,23,37,222,27
92,1,22,30,219,27
93,2,21,6,219,27
94,1,16,29,218,27
95,1,18,14,218,27
96,1,24,30,217,27
97,2,20,18,216,27
98,2,17,16,215,4
99,1,26,34,214,27
100,1,20,23,211,27
101,1,19,22,211,7
102,1,17,10,210,27
103,1,19,1,209,27
104,1,20,29,209,27
105,2,22,37,208,27
106,1,19,16,206,27
107,1,16,22,204,27
108,1,21,37,204,27
109,1,22,18,203,14
110,2,20,16,203,27
111,2,18,4,202,27
112,1,26,28,202,27
113,1,20,11,202,27
114,1,19,1,202,27
115,1,24,29,201,4
116,2,23,22,200,27
117,2,16,18,200,27
118,1,20,30,200,27
119,2,20,13,199,27
120,1,20,12,199,27
121,2,17,4,198,27
122,1,21,13,198,27
123,1,19,23,197,27
124,1,22,37,197,27
125,1,21,37,196,7
126,1,20,22,196,27
127,2,26,23,195,27
128,1,20,30,195,27
129,2,20,22,195,27
130,2,19,29,195,27
131,1,18,18,194,27
132,2,18,9,194,27
133,2,18,4,194,27
134,1,39,12,194,27
135,2,19,15,194,27
136,2,22,7,194,27
137,1,20,27,193,27
138,1,15,30,193,27
139,1,21,37,193,4
140,1,16,6,192,27
141,1,18,37,192,27
142,1,18,37,192,27
143,2,17,13,191,27
144,2,17,22,191,27
145,1,23,10,190,27
146,1,21,7,190,27
147,1,17,30,189,27
148,2,20,30,189,4
149,1,18,13,189,27
150,2,24,1,189,27
151,2,23,30,188,27
152,1,17,22,188,27
153,1,20,29,188,27
154,2,17,2,187,27
155,1,22,17,186,27
156,2,21,7,185,27
157,1,26,25,185,27
158,1,17,23,184,24
159,2,20,16,184,27
160,1,22,21,183,27
161,1,20,14,183,27
162,1,18,1,182,27
163,1,30,11,182,27
164,1,22,16,180,27
165,1,18,7,248,21
166,2,17,3,229,25
167,2,20,16,229,7
168,2,21,1,225,25
169,2,20,32,224,25
170,1,21,24,224,25
171,2,17,11,223,25
172,2,19,30,221,25
173,2,20,16,220,23
174,2,18,9,220,25
175,2,18,7,220,25
176,2,18,14,218,25
177,2,17,16,218,25
178,1,18,7,218,25
179,1,20,10,218,25
180,1,20,11,218,25
181,1,21,4,218,25
182,2,19,14,216,25
183,2,17,16,216,25
184,1,21,23,216,15
185,2,31,16,216,25
186,1,16,1,216,25
187,1,19,22,215,7
188,1,18,16,215,25
189,1,21,14,215,25
190,2,16,23,214,25
191,2,20,16,214,25
192,1,21,12,214,25
193,2,18,12,214,21
194,2,17,16,213,25
195,1,19,7,213,25
196,1,17,30,212,25
197,1,19,7,212,25
198,2,20,12,211,25
199,2,17,8,210,25
200,1,37,4,210,25
201,2,22,16,210,25
202,1,22,30,210,25
203,2,20,27,209,25
204,1,23,14,209,25
205,2,19,28,208,25
206,2,21,7,208,25
207,1,20,10,208,15
208,1,21,30,208,25
209,2,24,16,207,25
210,2,27,16,207,25
211,1,25,4,206,25
212,2,19,31,206,25
213,2,17,14,206,25
214,2,23,7,206,25
215,1,20,27,204,25
216,1,28,7,204,25
217,1,20,37,204,25
218,1,16,1,204,25
219,1,19,1,204,7
220,2,20,14,204,25
221,2,16,13,202,25
222,2,19,4,202,25
223,2,15,12,202,25
224,1,23,22,202,25
225,2,20,12,202,25
226,1,20,7,202,25
227,2,18,22,202,25
228,2,21,2,200,7
229,1,18,23,200,15
230,1,24,7,199,15
231,2,18,2,198,25
232,2,24,22,198,25
233,2,18,11,198,25
234,2,18,10,198,25
235,2,21,32,196,25
236,1,22,3,196,25
237,2,17,9,195,25
238,2,17,23,194,25
239,1,23,18,194,25
240,1,17,9,192,25
241,2,21,11,192,25
242,1,19,2,192,25
243,2,23,31,191,25
244,2,16,28,190,25
245,2,20,11,190,25
246,2,17,9,190,25
247,1,26,31,190,25
248,2,18,29,188,25
249,2,17,18,188,25
250,2,16,37,188,25
251,1,23,37,186,25
252,2,16,37,184,25
253,2,19,5,184,25
254,1,19,25,184,25
255,1,16,23,184,25
256,2,18,18,184,25
257,1,17,25,184,7
258,1,24,24,182,25
259,2,22,8,182,25
260,2,18,6,180,25
261,1,25,10,211,25
262,1,22,30,196,19
263,1,17,12,196,19
264,1,37,22,187,19
265,2,20,7,184,19
266,1,24,28,182,19
267,1,20,31,182,19
268,2,16,13,267,15
269,2,19,22,220,15
270,2,18,3,220,15
271,1,18,1,220,15
272,2,22,22,219,15
273,2,16,7,218,15
274,2,20,18,217,15
275,1,22,16,216,15
276,1,21,37,215,15
277,1,25,11,214,15
278,2,19,4,214,15
279,1,22,1,214,15
280,2,22,3,213,15
281,1,21,33,212,15
282,1,28,37,212,15
283,2,17,10,212,15
284,1,21,12,212,15
285,2,21,1,210,15
286,1,18,29,210,15
287,2,24,12,206,15
288,1,21,32,204,15
289,1,23,7,201,15
290,2,17,13,200,15
291,1,18,9,198,15
292,1,19,30,196,15
293,2,26,22,196,15
294,2,17,3,196,15
295,2,23,27,194,15
296,1,22,37,194,15
297,1,19,22,194,15
298,2,17,24,192,15
299,2,21,4,192,15
300,1,19,3,192,15
301,1,19,11,192,15
302,1,19,28,190,15
303,1,28,28,190,15
304,1,27,3,190,15
305,1,22,4,190,15
306,2,18,22,190,15
307,2,25,10,190,7
308,2,20,4,190,15
309,2,21,1,190,15
310,2,22,10,190,15
311,1,20,22,190,15
312,2,19,13,188,15
313,1,18,29,188,15
314,2,19,27,188,15
315,1,19,3,188,15
316,2,18,22,188,15
317,1,24,23,188,15
318,1,19,30,188,15
319,1,21,16,186,15
320,1,23,22,186,15
321,2,24,19,186,15
322,1,19,23,182,15
323,2,21,7,182,15
324,1,19,16,182,15
325,1,30,7,182,1
326,1,20,31,182,15
327,1,21,22,180,15
328,1,19,29,180,15
329,1,21,22,180,15
330,1,20,26,180,15
331,1,23,30,209,16
332,1,20,30,207,16
333,1,28,34,196,16
334,1,24,22,193,16
335,2,31,8,193,16
336,1,22,23,180,16
337,2,30,2,231,19
338,1,22,36,230,19
339,2,30,19,228,19
340,2,28,18,220,19
341,1,26,27,214,19
342,2,18,25,212,19
343,1,19,22,210,19
344,1,19,22,207,19
345,2,17,37,206,19
346,1,22,20,206,19
347,1,23,20,204,19
348,1,27,15,204,19
349,1,24,20,203,19
350,1,26,20,200,19
351,2,21,17,196,19
352,2,17,5,195,19
353,1,20,30,195,19
354,1,29,20,193,19
355,1,24,18,193,19
356,2,23,37,190,7
357,2,19,25,188,19
358,2,20,30,186,19
359,2,16,23,186,19
360,1,23,23,185,19
361,2,20,17,184,19
362,1,22,37,184,19
363,2,19,5,184,19
364,1,44,23,182,19
365,1,21,30,182,19
366,2,17,33,182,23
367,1,30,35,181,19
368,2,22,12,180,19
369,2,28,16,255,7
370,2,20,28,249,7
371,2,22,30,246,7
372,2,19,1,244,7
373,2,23,16,242,7
374,2,21,16,242,7
375,2,21,28,240,7
376,2,18,13,238,7
377,2,16,14,237,7
378,2,18,22,235,7
379,1,26,29,233,7
380,2,16,9,232,7
381,1,31,30,229,7
382,2,18,22,228,7
383,2,24,9,227,7
384,2,22,7,225,7
385,2,19,14,231,7
386,2,21,4,224,7
387,1,19,4,216,7
388,2,24,12,214,7
389,2,21,6,212,7
390,2,20,1,210,7
391,1,26,3,204,7
392,1,19,37,203,7
393,1,20,14,203,7
394,1,19,11,201,7
395,1,23,9,201,7
396,2,20,14,200,7
397,2,18,30,198,7
398,1,28,37,195,7
399,2,17,37,192,7
400,2,23,23,189,7
401,1,19,4,188,7
402,1,22,29,188,7
403,1,21,37,188,7
404,2,21,34,186,7
405,1,21,7,186,7
406,2,20,1,186,7
407,2,22,37,185,7
408,2,18,30,182,7
409,1,22,26,180,7
410,1,24,28,224,7
411,1,21,23,201,7
412,1,23,8,185,7
413,2,21,22,239,7
414,2,21,3,223,7
415,2,20,7,222,7
416,1,19,16,216,7
417,1,22,14,198,7
418,2,20,9,198,7
419,2,21,18,195,7
420,2,22,7,180,7
421,2,19,22,250,7
422,2,31,19,222,7
423,1,34,27,222,7
424,2,30,15,219,7
425,2,32,8,217,7
426,2,19,23,214,7
427,1,25,26,212,7
428,1,22,25,211,7
429,2,19,19,207,7
430,2,18,23,200,7
431,1,22,22,198,7
432,2,23,37,196,7
433,1,17,30,194,7
434,2,21,25,189,7
435,1,27,37,183,7
436,1,21,14,237,6
437,2,17,7,224,6
438,2,26,3,203,6
439,2,16,4,194,6
440,2,16,14,193,6
441,2,19,26,192,6
442,2,22,3,191,6
443,1,23,29,189,6
444,1,19,25,185,6
445,1,26,29,182,6
446,1,21,30,180,6
447,1,28,14,232,5
448,2,17,29,231,5
449,1,23,13,229,5
450,2,22,31,225,5
451,1,17,4,222,5
452,1,38,1,222,5
453,2,21,11,219,5
454,1,22,30,219,5
455,1,23,22,217,5
456,2,21,7,213,5
457,1,19,7,213,5
458,2,17,4,213,5
459,2,19,22,210,5
460,1,21,37,208,5
461,1,19,37,205,5
462,1,24,29,247,4
463,2,17,5,237,4
464,1,21,14,235,4
465,1,19,12,234,4
466,2,19,22,227,4
467,2,20,15,225,9
468,1,23,29,224,4
469,2,21,16,224,4
470,2,23,28,222,4
471,1,20,10,222,4
472,2,21,16,220,4
473,1,18,37,220,4
474,2,18,14,218,4
475,2,19,25,216,4
476,2,17,23,216,4
477,2,17,28,214,4
478,2,23,12,242,7
479,1,23,26,220,7
480,2,16,1,219,7
481,2,24,2,212,7
482,1,24,23,210,7
483,2,19,14,210,7
484,2,33,7,207,7
485,2,19,14,203,7
486,2,19,32,201,7
487,2,29,23,199,7
488,2,17,29,198,7
489,2,21,37,197,7
490,2,20,27,195,7
491,2,21,18,195,7
492,1,22,37,195,7
493,2,20,23,190,7
494,1,20,22,274,2
495,1,18,16,262,2
496,1,16,3,248,2
497,1,18,7,244,2
498,1,22,22,242,2
499,1,22,18,240,2
500,2,19,7,238,2
501,1,18,4,238,2
502,1,17,21,236,2
503,1,18,16,234,2
504,1,22,14,233,2
505,1,19,26,231,2
506,1,16,12,231,2
507,1,17,16,230,2
508,1,18,25,227,2
509,1,23,16,226,2
510,1,16,30,224,2
511,1,20,1,224,2
512,1,18,11,224,2
513,1,19,22,223,2
514,1,17,12,222,2
515,1,19,18,222,2
516,1,17,10,222,2
517,1,20,23,221,2
518,1,17,4,220,2
519,1,17,8,220,2
520,1,19,26,219,24
521,1,15,23,217,2
522,2,19,7,217,2
523,1,20,22,216,2
524,1,23,11,216,2
525,1,27,37,215,2
526,1,19,29,287,3
527,1,20,29,278,3
528,1,23,4,266,13
529,1,22,16,263,3
530,1,15,30,260,3
531,1,17,28,260,3
532,1,25,7,254,3
533,2,16,16,253,3
534,1,19,23,252,3
535,1,18,5,252,3
536,1,17,10,247,3
537,1,33,16,243,3
538,1,17,22,243,3
539,1,16,28,242,3
540,1,17,9,241,3
541,1,31,7,241,3
542,1,18,29,240,3
543,1,18,30,239,3
544,1,19,1,238,3
545,2,18,16,236,3
546,1,19,22,234,3
547,1,22,14,234,3
548,1,19,18,234,3
549,1,19,10,234,3
550,1,20,7,234,3
551,1,19,12,231,3
552,1,25,22,229,3
553,1,21,25,228,3
554,1,22,2,228,3
555,1,16,4,227,3
556,1,21,31,227,3
557,1,16,37,226,3
558,1,23,30,259,12
559,1,25,3,258,12
560,1,18,4,254,12
561,1,16,22,253,12
562,2,17,4,252,12
563,1,17,16,252,12
564,1,20,22,251,12
565,1,17,5,244,12
566,1,18,22,240,12
567,1,18,22,239,12
568,1,18,10,236,12
569,2,17,4,233,12
570,1,16,12,232,12
571,1,17,10,231,12
572,1,16,7,231,12
573,1,22,18,231,12
574,1,18,16,229,12
575,1,18,4,229,12
576,1,19,10,228,12
577,1,20,30,228,12
578,1,20,7,227,12
579,1,19,9,226,12
580,2,19,18,226,12
581,1,19,29,224,12
582,1,19,3,224,12
583,1,18,23,223,12
584,1,29,9,222,12
585,1,17,14,221,12
586,2,18,22,217,12
587,1,19,5,217,12
588,1,25,11,216,12
589,1,25,12,300,18
590,1,18,1,257,18
591,1,21,7,255,18
592,1,17,4,253,18
593,1,16,13,246,18
594,1,18,28,245,18
595,1,19,11,242,18
596,1,16,27,241,18
597,1,18,30,240,18
598,1,18,10,238,18
599,1,19,30,236,18
600,1,18,8,236,18
601,1,17,24,236,18
602,1,15,10,232,18
603,1,20,14,232,18
604,1,19,10,231,18
605,1,21,4,229,18
606,1,22,3,228,18
607,1,16,7,228,18
608,1,17,30,227,18
609,1,18,32,227,18
610,1,18,1,226,18
611,1,18,9,225,18
612,1,15,22,224,18
613,1,19,27,224,18
614,1,21,9,222,18
615,1,16,11,220,18
616,1,23,22,215,18
617,1,16,2,214,18
618,1,23,7,214,18
619,1,25,18,211,18
620,1,23,26,206,18
621,1,20,22,327,28
622,1,19,4,325,28
623,2,18,7,292,28
624,2,20,29,291,28
625,1,18,23,289,28
626,1,19,14,283,28
627,1,19,14,280,28
628,2,19,28,279,28
629,1,17,16,279,28
630,1,18,30,279,28
631,1,21,28,277,28
632,1,20,29,277,28
633,2,19,23,277,28
634,2,17,16,276,28
635,2,19,30,275,28
636,2,16,4,274,28
637,2,18,7,273,28
638,1,26,14,273,28
639,1,18,23,272,28
640,1,16,7,272,28
641,1,25,18,271,28
642,2,20,30,271,28
643,1,17,13,271,28
644,2,17,26,271,28
645,2,16,7,271,28
646,1,23,7,271,28
647,2,19,23,271,28
648,2,17,3,269,28
649,1,20,7,269,28
650,2,16,1,269,28
651,1,18,18,268,28
652,1,17,10,268,28
653,1,22,22,267,28
654,1,16,30,266,28
655,1,17,4,266,28
656,1,19,22,265,28
657,2,17,16,264,28
658,1,19,25,263,28
659,1,19,14,263,28
660,1,15,23,263,28
661,1,17,13,263,28
662,2,15,18,262,28
663,2,17,9,261,28
664,2,17,7,261,28
665,2,17,12,260,28
666,1,23,25,260,28
667,1,17,11,259,28
668,1,16,28,259,28
669,1,19,15,258,28
670,1,21,11,258,28
671,2,18,27,257,28
672,1,17,2,256,28
673,2,18,31,255,28
674,1,17,6,255,28
675,2,22,2,254,28
676,1,21,37,251,28
677,1,19,9,245,28
678,1,16,26,244,28
679,2,21,4,256,26
680,2,16,14,256,26
681,2,44,4,248,26
682,1,17,7,246,26
683,1,21,22,232,26
684,1,16,9,230,26
685,2,18,16,228,26
686,2,21,29,226,26
687,2,18,4,223,26
688,2,16,3,222,26
689,1,22,14,222,26
690,1,19,4,222,26
691,2,16,27,221,26
692,1,18,22,221,26
693,2,16,30,220,26
694,2,19,37,220,26
695,1,17,14,219,26
696,2,26,29,217,26
697,1,21,7,216,26
698,1,18,16,215,26
699,2,24,31,214,26
700,2,21,22,214,26
701,1,24,5,213,26
702,1,16,29,213,26
703,2,18,22,210,26
704,2,17,18,209,26
705,1,17,18,208,26
706,2,19,37,208,26
707,2,18,7,206,26
708,2,19,37,206,26
709,1,17,34,205,26
710,1,21,5,205,26
711,1,21,4,204,26
712,1,21,28,202,26
713,1,21,14,201,26
714,2,25,31,199,26
715,1,24,23,198,26
716,2,19,30,198,26
717,2,24,16,262,9
718,2,17,29,253,9
719,1,25,30,246,9
720,1,20,37,244,9
721,2,21,28,243,9
722,1,20,7,237,9
723,2,21,13,237,9
724,1,28,7,237,9
725,2,19,1,236,9
726,1,26,18,231,9
727,2,19,12,230,9
728,1,19,16,229,9
729,1,19,16,226,9
730,2,18,30,226,9
731,1,20,25,226,9
732,2,17,7,225,9
733,2,19,29,225,9
734,2,20,13,223,9
735,2,19,29,223,9
736,2,19,14,223,9
737,1,19,19,221,9
738,1,19,9,221,9
739,1,23,25,221,9
740,1,21,7,220,9
741,1,21,36,220,9
742,1,20,8,219,9
743,1,24,29,219,9
744,2,25,4,218,9
745,2,17,16,218,9
746,2,21,12,218,9
747,2,17,10,218,6
748,1,20,37,218,9
749,2,23,27,218,9
750,2,20,3,217,9
751,2,20,11,217,9
752,1,21,22,216,9
753,1,22,25,216,9
754,2,19,37,215,4
755,1,20,29,214,9
756,1,20,14,214,9
757,1,18,22,214,9
758,2,18,32,213,9
759,2,20,7,213,9
760,2,21,4,213,9
761,2,19,7,213,9
762,1,19,28,211,9
763,2,26,19,211,9
764,2,22,23,210,9
765,1,19,35,210,9
766,2,17,30,207,9
767,1,20,20,206,9
768,1,20,8,206,4
769,1,22,34,205,9
770,1,20,1,204,9
771,2,23,11,204,9
772,1,24,25,202,9
773,1,20,8,202,9
774,2,24,36,201,4
775,2,18,23,201,9
776,2,20,18,200,9
777,2,18,31,195,9
778,2,20,9,194,9
779,2,21,2,194,9
780,1,18,15,192,9
781,1,19,16,311,10
782,2,20,4,286,10
783,1,19,16,271,10
784,1,19,14,267,10
785,2,17,35,267,10
786,1,17,10,264,10
787,1,21,22,262,10
788,2,18,12,259,10
789,1,23,12,259,10
790,1,17,30,257,10
791,1,18,14,256,10
792,1,17,16,255,10
793,1,22,12,254,10
794,1,23,16,254,10
795,2,19,12,252,9
796,1,19,10,251,10
797,1,21,12,250,10
798,2,24,16,248,10
799,1,23,27,247,10
800,1,22,13,247,10
801,1,18,10,247,10
802,1,19,4,247,10
803,1,18,16,246,10
804,1,22,18,246,10
805,1,23,10,245,10
806,1,22,13,244,10
807,2,19,22,244,10
808,1,22,14,244,10
809,1,20,7,244,10
810,1,19,12,243,10
811,1,19,19,242,4
812,1,24,7,242,10
813,1,16,3,242,4
814,1,19,23,240,10
815,2,23,13,240,10
816,1,16,31,239,10
817,1,16,22,238,10
818,1,20,17,237,10
819,1,24,8,237,10
820,1,17,37,237,10
821,1,24,9,237,10
822,1,23,23,234,10
823,1,21,31,232,10
824,1,19,37,230,10
825,1,21,7,230,24
826,2,19,18,229,10
827,2,17,25,227,10
828,1,19,2,225,10
829,1,27,14,254,17
830,1,30,3,239,17
831,1,22,27,234,17
832,1,23,37,224,17
833,1,23,28,222,17
834,1,20,18,222,17
835,1,24,37,220,17
836,2,18,11,217,17
837,2,18,34,215,17
838,1,24,18,211,17
839,1,24,29,209,17
840,1,18,18,208,14
841,1,31,12,207,17
842,1,29,10,206,17
843,1,20,9,203,17
844,1,26,30,201,17
845,1,24,30,200,17
846,1,21,16,197,17
847,1,27,18,196,17
848,2,19,25,195,17
849,1,21,12,194,17
850,1,21,7,194,17
851,1,22,8,188,17
852,1,18,29,187,17
853,1,22,22,187,17
854,1,17,22,186,17
855,1,30,25,186,17
856,1,26,37,186,17
857,1,21,30,185,17
858,1,19,26,185,17
859,1,26,11,184,17
860,2,20,22,180,17
861,1,22,14,180,17
862,1,23,16,223,20
863,1,24,12,218,20
864,1,28,11,214,20
865,1,19,2,212,20
866,1,18,18,210,20
867,1,26,11,210,20
868,1,24,37,210,20
869,2,19,18,207,20
870,1,20,4,201,20
871,1,18,25,200,20
872,1,19,23,198,20
873,1,26,22,198,20
874,1,24,19,198,20
875,2,18,31,194,20
876,1,19,22,194,20
877,1,30,22,192,20
878,1,17,10,191,24
879,1,24,18,191,20
880,1,20,13,190,20
881,1,22,7,190,20
882,1,21,2,189,20
883,1,22,18,189,20
884,1,22,22,188,20
885,1,21,22,187,6
886,1,27,23,241,24
887,2,18,29,231,24
888,1,18,28,230,24
889,2,24,14,225,24
890,2,22,27,223,24
891,1,20,22,223,24
892,2,23,29,221,24
893,1,16,1,217,24
894,1,17,22,214,24
895,1,23,22,210,24
896,1,31,9,206,24
897,2,22,16,204,24
898,1,26,31,203,24
899,1,17,16,202,24
900,1,22,13,201,24
901,2,22,13,200,24
902,1,22,27,200,24
903,1,23,30,200,24
904,1,27,2,200,24
905,1,23,30,198,24
906,2,20,4,198,24
907,1,33,7,196,24
908,2,19,7,196,24
909,2,20,4,195,24
910,1,19,28,194,24
911,2,20,7,193,24
912,1,24,22,193,24
913,1,17,30,191,24
914,1,19,7,190,24
915,2,19,18,190,24
916,1,33,22,190,24
917,2,19,22,189,24
918,1,29,22,187,24
919,1,20,12,186,24
920,1,22,30,186,24
921,1,18,23,185,24
922,1,18,16,182,24
923,2,22,29,181,24
924,2,18,30,180,24
925,1,26,18,180,6
926,1,21,37,252,8
927,1,23,10,239,8
928,1,18,16,234,8
929,2,17,22,232,8
930,2,21,28,230,8
931,2,21,34,228,8
932,1,18,7,228,8
933,2,20,14,227,8
934,1,22,29,225,8
935,2,17,10,222,8
936,2,16,27,220,8
937,2,20,28,220,8
938,2,21,13,220,8
939,2,18,12,220,8
940,2,27,23,219,8
941,1,21,28,219,8
942,2,17,10,218,8
943,2,20,23,218,8
944,1,20,31,218,8
945,1,18,18,217,8
946,1,21,22,216,8
947,1,25,10,216,8
948,1,18,4,216,8
949,1,17,37,215,8
950,2,18,22,215,8
951,1,22,22,214,8
952,1,18,24,214,8
953,2,19,16,214,8
954,2,20,12,214,8
955,1,19,13,213,8
956,2,19,4,213,8
957,1,17,18,213,8
958,2,24,22,213,8
959,2,20,25,212,8
960,1,18,8,212,8
961,2,19,25,211,8
962,2,21,22,210,8
963,2,17,7,209,8
964,1,23,5,209,8
965,2,22,7,208,8
966,2,21,7,207,8
967,2,20,14,207,8
968,2,19,30,207,8
969,2,19,29,207,8
970,1,19,10,206,8
971,2,19,12,205,8
972,2,18,27,204,8
973,2,22,22,204,8
974,1,19,1,204,8
975,1,24,24,203,8
976,1,22,28,203,8
977,1,18,37,203,8
978,1,19,8,201,11
979,1,19,37,201,8
980,2,17,16,198,8
981,1,22,37,198,8
982,1,17,31,198,8
983,2,20,23,196,8
984,1,22,19,196,8
985,2,18,26,195,8
986,2,28,23,194,8
987,2,20,23,190,8
988,2,20,9,184,8
989,1,24,18,182,8
990,1,17,34,293,11
991,2,19,14,278,11
992,2,16,22,270,11
993,2,21,16,266,11
994,2,17,7,264,11
995,1,22,7,261,14
996,2,22,23,260,11
997,1,19,16,260,11
998,1,22,7,254,11
999,2,19,22,249,14
1000,2,18,22,248,11
1001,2,17,27,247,11
1002,2,19,4,246,11
1003,2,17,24,243,11
1004,1,16,28,242,11
1005,1,21,7,240,11
1006,1,21,24,237,24
1007,1,23,14,237,21
1008,1,19,13,237,11
1009,1,20,22,237,11
1010,2,17,12,237,11
1011,1,17,16,236,11
1012,1,23,27,235,15
1013,2,22,4,234,11
1014,1,20,25,234,11
1015,2,20,16,233,11
1016,1,21,18,232,11
1017,2,19,22,232,11
1018,1,28,7,232,11
1019,2,18,30,232,11
1020,1,20,12,231,14
1021,1,16,30,231,5
1022,2,24,9,230,11
1023,1,21,4,229,11
1024,1,20,28,229,11
1025,1,18,18,229,11
1026,1,16,37,228,11
1027,1,22,3,227,11
1028,1,22,29,227,11
1029,2,22,3,226,11
1030,2,19,7,226,11
1031,1,18,14,226,11
1032,2,21,13,226,11
1033,1,18,7,225,11
1034,2,19,12,225,11
1035,1,20,16,225,14
1036,1,18,24,225,11
1037,1,23,22,224,11
1038,1,28,3,224,14
1039,2,19,11,224,11
1040,1,18,22,223,11
1041,1,20,21,222,11
1042,2,19,22,222,11
1043,1,20,4,222,11
1044,2,17,1,222,11
1045,2,16,2,222,11
1046,2,18,11,221,11
1047,1,20,7,221,5
1048,1,17,37,220,11
1049,1,18,30,220,11
1050,1,17,14,219,11
1051,2,19,28,219,11
1052,1,25,31,218,11
1053,2,17,5,218,11
1054,1,24,29,218,14
1055,2,21,10,217,11
1056,2,22,32,216,11
1057,1,17,27,214,11
1058,1,23,37,213,11
1059,1,17,31,212,11
1060,2,17,6,210,23
1061,1,23,25,210,11
1062,1,22,8,210,11
1063,1,22,15,208,11
1064,2,21,2,207,14
1065,1,15,9,206,11
1066,1,18,23,206,11
1067,1,19,8,204,11
1068,1,23,20,203,11
1069,2,16,13,202,11
1070,1,26,15,202,11
1071,1,18,23,201,11
1072,1,22,26,201,11
1073,1,24,18,200,11
1074,1,27,19,198,11
1075,1,28,34,198,11
1076,1,20,26,198,11
1077,2,19,34,198,11
1078,1,16,21,198,11
1079,2,19,5,197,11
1080,1,17,18,196,11
1081,1,24,36,192,11
1082,1,21,9,192,11
1083,1,22,20,190,11
1084,1,25,25,190,11
1085,1,24,19,184,11
1086,1,22,27,284,21
1087,2,18,14,273,21
1088,2,18,7,268,21
1089,2,18,4,260,21
1090,1,20,1,259,21
1091,2,17,28,258,21
1092,2,19,7,258,21
1093,1,18,14,258,21
1094,2,19,12,258,21
1095,1,24,11,257,21
1096,2,18,22,257,21
1097,1,21,37,254,21
1098,1,31,14,254,21
1099,2,18,14,253,21
1100,1,18,16,253,21
1101,2,17,22,252,21
1102,2,19,7,252,21
1103,1,17,30,252,21
1104,1,18,9,251,21
1105,2,18,27,250,21
1106,2,17,4,250,21
1107,1,20,10,249,21
1108,1,20,8,247,21
1109,2,20,10,247,21
1110,1,18,22,246,21
1111,2,25,25,246,21
1112,2,19,16,246,21
1113,2,21,12,246,21
1114,2,21,22,245,21
1115,2,17,31,245,21
1116,1,19,11,244,21
1117,1,21,14,244,21
1118,2,26,4,244,21
1119,1,19,16,243,21
1120,1,16,22,242,21
1121,2,18,16,242,21
1122,1,19,13,242,21
1123,2,15,23,242,21
1124,1,23,7,241,21
1125,2,18,13,241,21
1126,2,20,4,241,21
1127,1,18,37,241,21
1128,1,27,13,241,21
1129,1,22,10,241,21
1130,1,19,27,240,21
1131,2,16,12,240,21
1132,2,16,4,240,21
1133,2,21,27,239,21
1134,1,20,1,239,21
1135,2,24,19,238,21
1136,2,18,18,238,21
1137,1,16,29,238,21
1138,1,26,14,238,21
1139,2,17,29,237,21
1140,2,18,18,237,21
1141,1,21,11,235,21
1142,2,19,10,235,21
1143,1,26,22,235,21
1144,2,20,26,234,21
1145,1,17,7,234,21
1146,1,19,37,234,21
1147,2,22,15,234,21
1148,1,21,7,234,21
1149,1,24,16,233,21
1150,2,19,23,232,21
1151,2,16,20,231,21
1152,1,21,13,229,21
1153,1,15,18,229,21
1154,1,17,15,228,21
1155,1,24,25,228,21
1156,2,18,25,227,21
1157,1,21,2,227,21
1158,1,18,6,227,21
1159,1,18,37,226,21
1160,1,17,9,226,5
1161,1,26,2,225,21
1162,1,19,37,224,21
1163,2,45,3,224,21
1164,2,22,11,221,21
1165,1,23,31,220,21
1166,2,24,23,220,21
1167,1,20,5,219,21
1168,1,23,31,218,21
1169,2,16,32,218,21
1170,1,18,25,217,21
1171,1,19,5,217,21
1172,1,18,24,217,21
1173,1,23,6,216,21
1174,2,18,23,216,21
1175,1,18,34,215,21
1176,2,18,36,214,21
1177,1,24,26,214,21
1178,2,28,20,213,21
1179,1,22,9,211,21
1180,1,22,34,208,21
1181,2,25,3,250,22
1182,2,17,37,243,22
1183,2,26,4,237,22
1184,2,16,14,235,22
1185,1,25,28,234,22
1186,1,18,16,234,22
1187,1,26,14,233,22
1188,2,19,1,232,22
1189,1,39,28,231,22
1190,1,18,22,231,22
1191,2,21,14,230,23
1192,1,22,4,228,22
1193,2,30,4,227,22
1194,1,23,22,227,22
1195,1,18,27,226,22
1196,2,20,1,226,22
1197,1,18,18,225,22
1198,1,18,1,224,22
1199,2,20,22,224,22
1200,2,22,10,224,22
1201,2,23,24,224,22
1202,1,19,27,222,22
1203,1,17,10,222,22
1204,1,22,11,220,22
1205,2,23,16,220,22
1206,1,24,16,220,22
1207,1,22,4,220,22
1208,1,24,1,220,22
1209,2,21,7,218,22
1210,2,22,23,218,22
1211,1,24,22,217,22
1212,2,21,1,217,22
1213,2,17,13,217,22
1214,1,21,12,216,22
1215,2,18,13,216,22
1216,2,23,28,214,22
1217,1,20,29,214,22
1218,1,27,14,214,22
1219,1,22,4,213,22
1220,2,20,9,213,22
1221,2,24,1,213,22
1222,1,33,23,213,22
1223,1,25,29,212,22
1224,2,21,22,211,22
1225,1,32,7,211,22
1226,1,21,37,210,22
1227,1,20,3,210,22
1228,1,20,7,210,22
1229,2,25,16,210,22
1230,1,24,9,210,22
1231,1,18,7,209,22
1232,1,22,13,208,7
1233,2,18,12,208,1
1234,2,19,18,207,22
1235,2,22,30,206,22
1236,1,24,37,206,22
1237,2,23,18,206,22
1238,2,23,22,205,22
1239,1,24,37,203,22
1240,1,23,22,203,22
1241,1,18,26,202,22
1242,2,20,11,201,22
1243,2,20,10,200,22
1244,1,19,27,197,7
1245,2,20,18,197,22
1246,2,21,24,196,22
1247,1,18,11,196,22
1248,1,19,26,193,22
1249,1,24,34,192,22
1250,1,19,23,192,22
1251,1,22,9,192,22
1252,2,20,23,192,22
1253,1,26,25,189,22
1254,2,40,15,189,22
1255,1,19,26,187,22
1256,2,18,27,286,23
1257,1,19,27,259,23
1258,1,20,4,255,23
1259,2,19,11,247,23
1260,1,29,7,245,4
1261,2,29,16,243,23
1262,1,23,14,241,23
1263,2,20,4,240,23
1264,2,20,14,239,23
1265,2,20,10,237,4
1266,2,19,13,236,23
1267,1,20,7,236,23
1268,2,21,30,235,23
1269,1,18,22,232,23
1270,2,19,22,232,23
1271,1,23,30,232,23
1272,1,20,9,231,23
1273,1,18,14,231,23
1274,2,23,3,231,23
1275,2,19,4,231,23
1276,2,16,12,230,23
1277,1,18,22,229,23
1278,1,23,7,229,23
1279,2,17,22,229,23
1280,2,21,22,229,7
1281,1,24,16,228,23
1282,2,20,4,228,23
1283,2,18,14,227,23
1284,1,29,7,227,23
1285,1,24,14,227,23
1286,2,18,1,227,23
1287,2,17,37,227,23
1288,2,18,26,226,23
1289,1,20,22,226,23
1290,1,17,20,226,23
1291,2,22,28,226,23
1292,1,22,37,226,23
1293,2,18,2,225,23
1294,2,18,4,225,23
1295,2,18,7,225,23
1296,2,21,13,225,23
1297,1,34,20,224,23
1298,1,28,9,224,23
1299,1,26,1,224,23
1300,1,24,22,224,23
1301,2,18,3,224,23
1302,2,24,18,223,23
1303,1,16,30,223,23
1304,2,22,16,223,23
1305,1,21,11,222,23
1306,1,20,14,222,23
1307,2,18,2,222,23
1308,2,21,23,221,23
1309,2,21,7,221,19
1310,2,16,18,221,23
1311,1,21,29,219,23
1312,1,21,37,219,23
1313,1,21,22,219,23
1314,2,20,34,219,23
1315,2,20,12,219,23
1316,2,18,8,219,23
1317,2,19,28,218,7
1318,1,19,31,217,23
1319,1,22,9,216,23
1320,1,27,31,216,23
1321,1,20,15,216,23
1322,2,25,11,214,23
1323,2,21,19,214,23
1324,1,16,26,213,23
1325,2,17,19,212,23
1326,1,19,27,212,5
1327,1,19,21,210,23
1328,1,19,25,210,23
1329,2,20,23,209,23
1330,2,21,26,209,23
1331,2,19,34,208,23
1332,2,20,5,206,23
1333,1,22,37,282,14
1334,1,23,2,242,14
1335,1,25,7,239,14
1336,1,22,9,239,14
1337,2,19,25,235,14
1338,1,19,12,226,14
1339,1,24,37,224,14
1340,1,23,7,223,14
1341,1,21,23,221,14
1342,2,18,26,221,14
1343,1,24,22,220,14
1344,1,32,28,220,14
1345,1,20,10,218,14
1346,1,27,12,217,14
1347,1,19,4,217,14
1348,2,21,34,217,14
1349,1,21,11,216,14
1350,1,17,10,216,14
1351,1,22,37,216,14
1352,1,30,15,213,14
1353,2,21,22,213,14
1354,1,24,30,212,14
1355,1,20,23,211,14
1356,2,21,1,211,14
1357,1,18,31,210,14
1358,2,25,18,208,14
1359,1,22,7,208,14
1360,1,23,30,207,14
1361,1,26,23,207,14
1362,1,23,13,206,14
1363,1,18,9,206,14
1364,1,19,4,206,14
1365,1,20,24,206,14
1366,1,21,19,206,14
1367,1,18,22,206,14
1368,1,22,22,206,14
1369,1,21,22,205,14
1370,1,19,28,205,14
1371,1,21,37,204,14
1372,2,17,12,204,14
1373,1,22,22,204,14
1374,1,19,22,203,14
1375,1,26,22,202,14
1376,2,28,31,202,14
1377,1,19,30,202,14
1378,1,23,22,202,14
1379,1,21,10,201,14
1380,1,18,13,201,14
1381,1,18,10,201,14
1382,1,18,1,200,14
1383,1,22,37,200,14
1384,1,23,1,200,14
1385,1,25,31,199,14
1386,1,21,7,199,14
1387,1,26,30,199,14
1388,1,20,15,199,14
1389,2,19,31,198,14
1390,1,27,37,198,14
1391,1,24,37,197,14
1392,2,18,22,196,14
1393,1,18,12,196,14
1394,1,19,22,196,14
1395,1,25,16,196,14
1396,1,26,25,195,14
1397,1,18,26,194,5
1398,1,21,2,194,14
1399,2,26,8,194,14
1400,1,22,7,193,14
1401,1,18,2,192,14
1402,2,19,28,192,14
1403,1,17,3,192,14
1404,1,19,26,191,14
1405,1,21,25,190,14
1406,2,15,26,190,14
1407,1,25,7,190,14
1408,1,21,28,189,14
1409,1,20,18,188,14
1410,1,20,27,188,14
1411,1,23,18,188,14
1412,1,17,25,188,14
1413,2,18,22,188,14
1414,2,18,18,188,14
1415,1,21,37,187,14
1416,2,20,22,187,14
1417,1,24,14,186,14
1418,2,19,18,186,14
1419,1,17,23,186,14
1420,1,19,9,184,14
1421,1,18,11,184,14
1422,1,20,7,182,14
1423,1,22,25,182,14
1424,1,22,20,182,14
1425,1,28,7,182,14
1426,1,22,31,180,14
1427,2,19,31,180,14
1428,1,26,11,180,14
